Category,Drift_Level,Prompt_ID,Base_Prompt_Num,Variant_Num,Prompt_CosSim,Mistral-7B-Instruct-v0.2_4bit_Resp_CosSim,Mistral-7B-Instruct-v0.2_8bit_Resp_CosSim,Mistral-7B-Instruct-v0.2_fp16_Resp_CosSim,Meta-Llama-3-8B-Instruct_4bit_Resp_CosSim,Meta-Llama-3-8B-Instruct_8bit_Resp_CosSim,Meta-Llama-3-8B-Instruct_fp16_Resp_CosSim,Phi-3-mini-4k-instruct_4bit_Resp_CosSim,Phi-3-mini-4k-instruct_8bit_Resp_CosSim,Phi-3-mini-4k-instruct_fp16_Resp_CosSim
qna,1,qna_L1_v1,1,1,99.29,96.54,96.59,98.12,93.98,95.86,96.31,86.11,80.37,90.87
qna,1,qna_L1_v2,1,2,95.9,94.56,94.83,98.56,94.34,92.81,94.44,84.02,68.19,86.29
qna,1,qna_L1_v3,1,3,99.15,93.77,93.93,95.24,95.46,97.12,96.77,88.06,71.95,84.64
qna,1,qna_L1_v1,2,1,100,97.98,97.55,97.44,93.7,95.27,100,86.81,87.48,100
qna,1,qna_L1_v2,2,2,100,95.94,97.37,96.86,93.4,94.5,100,86.63,88.46,100
qna,1,qna_L1_v3,2,3,100,97.15,97.36,96.84,96.31,94.57,100,84.5,86.63,100
qna,1,qna_L1_v1,3,1,91.18,93.09,90.46,96.06,95.85,92.59,97.06,83.58,89.62,92.31
qna,1,qna_L1_v2,3,2,98.33,93.06,93.15,93.62,94.09,94.61,99.73,83.22,89.81,89.93
qna,1,qna_L1_v3,3,3,96.77,95.59,94.63,94.22,96.61,92.51,99.73,87.04,94.02,91.76
qna,1,qna_L1_v1,4,1,98.97,95.74,94.72,96.13,95.74,96.32,98.37,85.22,86.93,91.23
qna,1,qna_L1_v2,4,2,100,95.33,96.28,96.19,96.34,89.77,100,88.25,85.85,100
qna,1,qna_L1_v3,4,3,100,94.57,95.77,96.08,95.81,93.07,100,87.64,86.87,100
qna,1,qna_L1_v1,5,1,98.55,96.71,92.13,94.3,97.99,95.7,99.85,93.45,87.35,80.58
qna,1,qna_L1_v2,5,2,99.17,97.51,97.01,93.99,95.72,95.73,99.28,89.39,93.06,85.26
qna,1,qna_L1_v3,5,3,91.03,95.28,91.71,92.93,97.68,97.32,99.04,87.68,88.85,87.11
qna,1,qna_L1_v1,6,1,91.86,83.49,92.95,89.36,88.5,84.6,96.18,77.75,77.11,83.75
qna,1,qna_L1_v2,6,2,100,95.9,90.4,95.47,94.79,96.19,100,87.29,91.33,100
qna,1,qna_L1_v3,6,3,90.46,91.34,91.01,95.4,92.21,94.79,93.9,83.66,82,87.05
qna,1,qna_L1_v1,7,1,100,91.38,93.28,94.89,91.89,89.43,100,91,88.43,100
qna,1,qna_L1_v2,7,2,95.74,92.45,90.76,93.36,95.19,92.39,95.94,78.24,87.91,78.3
qna,1,qna_L1_v3,7,3,96.29,82.6,80.12,91.15,94.3,89.6,99.26,87,89.74,78.2
qna,1,qna_L1_v1,8,1,100,96.66,94.27,96.8,95.03,87.63,100,76.57,91.64,100
qna,1,qna_L1_v2,8,2,92.11,89.43,89.42,91.31,93.55,93.32,89.84,76.93,81.87,67.13
qna,1,qna_L1_v3,8,3,87.29,89.09,84.46,89.68,91.97,86.09,85.65,72.34,81.27,72.16
qna,1,qna_L1_v1,9,1,99.48,93.39,98.44,98.11,96.51,97.52,97.21,83.82,84.56,82.34
qna,1,qna_L1_v2,9,2,95.26,95.46,95.26,94.32,95.02,96.42,96.66,88.34,82.94,84.61
qna,1,qna_L1_v3,9,3,100,95.45,93.6,96.56,96.1,96.87,100,88.14,85.06,100
qna,1,qna_L1_v1,10,1,89.76,92.79,93.84,89.11,91.77,89.29,91.33,85.43,83.68,91.9
qna,1,qna_L1_v2,10,2,97.6,89.8,96.64,87.81,87.1,91.16,94.78,81.73,83.97,80.83
qna,1,qna_L1_v3,10,3,83.8,94.15,84.23,91.23,89.1,90.39,91.05,71.89,79.14,77.53
qna,2,qna_L2_v1,1,1,95.48,94.52,98,96.23,91.65,91.6,94.46,85.58,73.66,91.75
qna,2,qna_L2_v2,1,2,98.17,94.91,93.42,95.29,92.78,95,95.29,90.71,73.9,88.02
qna,2,qna_L2_v3,1,3,98.62,95.36,93.58,96.87,95.7,93.5,96.18,82.83,73.21,90.21
qna,2,qna_L2_v1,2,1,94.61,96.87,95.32,95.46,92.62,93.6,92.05,79.12,82.93,82.87
qna,2,qna_L2_v2,2,2,83.83,84.06,77.56,70.67,94.12,86.38,87.71,79.23,67.68,74.99
qna,2,qna_L2_v3,2,3,99.73,97.96,96.52,97.34,97.02,92.92,92.65,86.22,83.46,92.09
qna,2,qna_L2_v1,3,1,99.74,93.31,95.27,95.43,96.98,93.65,95.8,91.14,94.78,89.82
qna,2,qna_L2_v2,3,2,99.74,92.78,92.85,92.99,95.06,94.35,95.8,84.79,92.23,89.82
qna,2,qna_L2_v3,3,3,87.97,89.35,85.68,83.38,95.76,93.73,99.15,82.64,84.76,82.27
qna,2,qna_L2_v1,4,1,96.9,95.31,96.17,95.44,94.9,94.75,97.91,78.63,84.83,89.25
qna,2,qna_L2_v2,4,2,98.49,93.93,95.49,94.69,87.94,96.56,95.24,87.58,87.46,84.62
qna,2,qna_L2_v3,4,3,96.28,94.75,95.52,95.95,95.81,95.03,91.14,85.06,79.67,93.69
qna,2,qna_L2_v1,5,1,99.18,94.53,93.5,93.65,97.9,98.16,99.18,87.51,91.18,88.36
qna,2,qna_L2_v2,5,2,97.09,96.71,88.05,95.5,98.5,95.68,99.46,83.91,90.37,81.03
qna,2,qna_L2_v3,5,3,87.9,94.89,92.97,92.82,97.91,96.67,98.29,92.59,86.22,90.84
qna,2,qna_L2_v1,6,1,99.18,91.41,91.35,96.81,96.86,92.85,95.8,85.49,89.36,96.05
qna,2,qna_L2_v2,6,2,90.22,92.98,87.8,94.41,93.07,90.5,95.81,87.36,84.29,82
qna,2,qna_L2_v3,6,3,96.21,90.67,85.57,94.23,96.34,94.84,96.48,89.36,83.78,90.51
qna,2,qna_L2_v1,7,1,99.52,93.62,92.76,90.73,91.72,89.92,90.51,89.91,88.1,79.29
qna,2,qna_L2_v2,7,2,93.37,91.79,85.74,94,93.94,91.19,92.52,87.94,89.99,80.21
qna,2,qna_L2_v3,7,3,100,92.94,88.05,93.68,95.31,90.86,97.09,92.43,87.44,79.76
qna,2,qna_L2_v1,8,1,90.46,94.97,95.37,96.39,92.34,89.58,87.51,80.02,85.46,79.27
qna,2,qna_L2_v2,8,2,99.65,94.3,96.42,95.91,92.26,97.2,99.31,81.88,87.51,86.82
qna,2,qna_L2_v3,8,3,88.73,85.94,96.8,94.67,93.38,91.73,89.39,79.3,87.33,78.99
qna,2,qna_L2_v1,9,1,93.46,86.67,84.47,86.33,95.33,95.53,97.46,85.15,83.46,80.24
qna,2,qna_L2_v2,9,2,99.54,86.23,84.7,88.11,96.14,97.15,96.59,87.06,80.62,83.64
qna,2,qna_L2_v3,9,3,99.54,85.78,87.57,87.19,93.46,96.15,96.59,75.3,83.93,83.64
qna,2,qna_L2_v1,10,1,80.59,84.73,61.82,65.35,90.15,90.45,91.77,67.96,79.57,69.22
qna,2,qna_L2_v2,10,2,96.9,87.25,91.28,91.02,90.96,91.52,94.51,82.74,83.83,90.68
qna,2,qna_L2_v3,10,3,93.13,87.73,86.53,83.66,90.53,89.71,93.25,84.73,77.75,79.21
qna,3,qna_L3_v1,1,1,95.29,94.53,93.55,97.05,95.21,93.19,96.33,88.04,75.17,89.29
qna,3,qna_L3_v2,1,2,95.39,94.64,94.51,97.41,96.39,94.74,97.51,84.01,80.38,88.7
qna,3,qna_L3_v3,1,3,97.33,96.07,94.12,98.14,91.07,93.42,92.62,85.54,72.92,84.78
qna,3,qna_L3_v1,2,1,92.96,96.03,96.33,96.83,95.91,92.27,94.13,83.95,84.15,92.11
qna,3,qna_L3_v2,2,2,87.49,96.43,95.81,93.01,92.14,88.21,87.22,84.04,83.1,82.04
qna,3,qna_L3_v3,2,3,91.14,95.02,96.08,96.35,95.1,95.03,92.95,84.24,80.06,84.9
qna,3,qna_L3_v1,3,1,91.72,93.8,91.74,94.13,95.49,94.42,94.94,82.3,90.79,88.09
qna,3,qna_L3_v2,3,2,93.83,87.54,87.1,84.39,94.63,94.59,95.05,87.11,92.36,86.04
qna,3,qna_L3_v3,3,3,85.58,92.77,93.41,96.47,94.26,91.66,95.19,82.52,89.49,79.26
qna,3,qna_L3_v1,4,1,98.49,96.15,95.11,95.55,92.44,97.14,95.24,90.93,91.28,84.62
qna,3,qna_L3_v2,4,2,92.97,94.84,95.51,96.66,92.32,96.6,96.7,85.8,84.72,91.48
qna,3,qna_L3_v3,4,3,95.45,94.87,95.69,95.14,94.59,96.74,96.8,90.94,85.61,78.17
qna,3,qna_L3_v1,5,1,82.84,95.8,94.13,92.27,98.29,96.08,97.65,89.05,87.6,85.7
qna,3,qna_L3_v2,5,2,93.8,95.12,89.97,93.88,97.38,97.44,99.8,87.65,87.91,81.62
qna,3,qna_L3_v3,5,3,68.6,80.49,85.85,83.4,92.59,94,92.24,67.79,67.39,63.48
qna,3,qna_L3_v1,6,1,98.65,96.8,91.55,93.5,97.15,95.42,96.59,87.3,87.97,90.88
qna,3,qna_L3_v2,6,2,81.33,89.08,88.2,79.86,88.95,83.16,85.62,69.69,77.14,68.71
qna,3,qna_L3_v3,6,3,68.72,57.43,58.19,60.52,65.98,64.11,71.23,74.55,75.68,73.14
qna,3,qna_L3_v1,7,1,88.46,90.83,94.38,91.71,90.77,94.05,89.98,76.85,79.61,77.62
qna,3,qna_L3_v2,7,2,96.49,80.58,80.59,86.18,81.37,76.38,79.99,82.29,77.53,74.9
qna,3,qna_L3_v3,7,3,95.11,87.28,82.47,88.76,96.27,92.45,97.42,81.8,77.9,70.3
qna,3,qna_L3_v1,8,1,74.12,88.75,89.73,91.56,93.25,88.79,88.82,83.95,69.05,62.47
qna,3,qna_L3_v2,8,2,79.95,93.41,83.66,88.72,93.57,88.45,82.64,76.77,86.2,83.9
qna,3,qna_L3_v3,8,3,93.13,91.66,96.06,92.11,87.15,91,90.69,83.04,80.63,66.48
qna,3,qna_L3_v1,9,1,88.45,89.09,87.1,86.37,95.47,96.14,96.82,90.16,86.33,79.52
qna,3,qna_L3_v2,9,2,99.54,88.3,85.91,87.84,96.83,97.69,96.59,85.46,84.49,83.64
qna,3,qna_L3_v3,9,3,99.06,85.96,94.28,88.93,95.65,95.02,97.02,84.65,72.17,85.49
qna,3,qna_L3_v1,10,1,85,91.21,82.91,87.85,81.02,79.79,81.85,75.01,67.08,76.54
qna,3,qna_L3_v2,10,2,78.16,94.25,94.41,88.44,89.89,89.04,92.47,77.89,85.48,89.14
qna,3,qna_L3_v3,10,3,88.83,73.16,76.13,84.74,88.78,85.47,86.98,74.02,67.69,61.51
qna,4,qna_L4_v1,1,1,88.14,94.69,93.53,95.73,92.96,91.01,93.14,88.56,70.64,90.75
qna,4,qna_L4_v2,1,2,91.09,92.7,93.47,94.65,90.28,91.24,93.48,86.7,74.69,80.8
qna,4,qna_L4_v3,1,3,78.53,91.63,88.57,85.49,92.79,94.75,95.84,79.76,70.36,85.84
qna,4,qna_L4_v1,2,1,86.16,94.2,95.19,95.48,95.96,86.84,87.93,84.43,80.02,83.73
qna,4,qna_L4_v2,2,2,96.8,96.84,97.17,98.63,97,93.77,94.36,87.74,88.19,92.73
qna,4,qna_L4_v3,2,3,79.35,95.85,92.57,89.99,91.28,91.79,92.42,80.88,79.39,86.32
qna,4,qna_L4_v1,3,1,80.12,94.85,94.31,88.7,86.92,86.39,88.6,84.24,90.42,83.3
qna,4,qna_L4_v2,3,2,76.39,79.13,86.68,76.79,71.37,71.68,80.05,83.34,85.59,82.19
qna,4,qna_L4_v3,3,3,72.92,75.2,85.67,68.46,86.11,78.97,82.8,72.72,82.24,77.76
qna,4,qna_L4_v1,4,1,69.98,73.84,66.8,71.34,70.49,69.68,79.24,79.6,82.11,80.73
qna,4,qna_L4_v2,4,2,85.56,94.03,94.8,94.14,96.17,91.01,92.3,91.65,90.25,88.8
qna,4,qna_L4_v3,4,3,85.42,94.17,94.58,96.73,95.65,91.21,96.57,86.3,90.4,88.26
qna,4,qna_L4_v1,5,1,81,95.44,93.16,94.38,97.87,96.51,94.55,90.86,85.95,85.54
qna,4,qna_L4_v2,5,2,62.25,89.2,94.12,96.07,97.78,95.8,97.46,60.73,62.81,57.52
qna,4,qna_L4_v3,5,3,91.64,93.73,92.84,92.05,97.53,97.89,98.27,89.35,90.23,87.9
qna,4,qna_L4_v1,6,1,96.88,96.01,92.84,95.57,97.54,94.99,96.19,88.15,87.89,92.98
qna,4,qna_L4_v2,6,2,99.15,91.72,91.89,89.74,96.93,95.66,96.11,87,89.78,88.73
qna,4,qna_L4_v3,6,3,66.08,70.13,62.95,70.67,70.14,69.05,58.85,77.48,67.21,72.5
qna,4,qna_L4_v1,7,1,53.36,62,66.62,67.31,73.15,72.76,55.04,68.95,57.79,58.95
qna,4,qna_L4_v2,7,2,92.98,90.53,90.95,88.8,89.77,89.73,93.09,83.96,86.13,76.66
qna,4,qna_L4_v3,7,3,91.67,91.63,93.39,92.01,89.87,83.07,95.18,82.07,90.92,76.41
qna,4,qna_L4_v1,8,1,72.74,67.31,86.5,80.05,78.36,69.49,65.6,85.32,76.77,74.74
qna,4,qna_L4_v2,8,2,78.03,83.64,78.86,83.45,85.85,76.66,84.65,79.21,89.8,83.8
qna,4,qna_L4_v3,8,3,93.06,90.52,92,92.09,88.74,90.16,84.86,81.58,89.62,82.95
qna,4,qna_L4_v1,9,1,80.55,93.22,89.29,88.91,95.66,96.89,95.67,84.01,78.64,80.74
qna,4,qna_L4_v2,9,2,90.34,80.83,86.54,82.11,94.24,96.31,97.49,87.27,83.78,78.34
qna,4,qna_L4_v3,9,3,80.37,76.43,71.8,76.3,88.66,85.12,88.56,73.06,76.96,74.25
qna,4,qna_L4_v1,10,1,89.22,86.52,92.51,90.62,91.53,90.31,95.5,63.32,79.64,83.3
qna,4,qna_L4_v2,10,2,83.1,68.78,62.53,66.03,85.09,89.96,73.3,78.64,84.37,88.05
qna,4,qna_L4_v3,10,3,85.98,92.96,77.2,80.03,91,90.21,91.81,77.68,82.3,80.06
qna,5,qna_L5_v1,1,1,80.61,85.49,89.62,92.36,88.05,89.87,92.74,83.76,78.22,87.38
qna,5,qna_L5_v2,1,2,83.99,85.41,88.73,92.39,91.22,91.4,91.29,81.11,68.63,82.29
qna,5,qna_L5_v3,1,3,79.25,87.82,91.56,92.18,85.2,90.89,88.56,75.07,68.49,80
qna,5,qna_L5_v1,2,1,71.69,94.51,96.99,96.58,93.87,91.6,94.1,87.82,82.41,89.79
qna,5,qna_L5_v2,2,2,78.85,87.44,88.48,91.45,92.11,91.81,92.45,81.19,83.21,81.84
qna,5,qna_L5_v3,2,3,73.11,66.71,72.59,75.99,68.45,68.42,71.74,67.9,57,63.44
qna,5,qna_L5_v1,3,1,89.47,80.41,80.17,85.19,81.8,89.71,94.3,82.33,81.61,80.86
qna,5,qna_L5_v2,3,2,78.66,74.66,70.16,64.3,72.44,83.83,85.13,73.7,75.4,79.1
qna,5,qna_L5_v3,3,3,85.21,81.07,86.52,83.74,88.79,86.79,89.46,80.65,83.74,85.86
qna,5,qna_L5_v1,4,1,69.32,78.34,87.81,79.86,94.6,82.9,86.94,91.14,86.77,89.87
qna,5,qna_L5_v2,4,2,77.95,84.09,85.14,86.23,93.28,91.51,91.08,81.52,85.71,86.2
qna,5,qna_L5_v3,4,3,77.82,83.81,87.13,87.71,91.65,93.69,93.66,91.94,84.69,83.7
qna,5,qna_L5_v1,5,1,69.76,87.34,87.6,87.51,91.91,93.31,91.21,84.85,81,82.39
qna,5,qna_L5_v2,5,2,68.09,84.59,86.14,86.62,88.43,93.77,94.36,80.43,86.68,76.44
qna,5,qna_L5_v3,5,3,80.78,90.87,82,92.09,89.91,91.8,90.97,88.65,86.38,84.86
qna,5,qna_L5_v1,6,1,72.05,76.76,85.98,81.73,79.87,77.25,75.64,79,84.22,85.46
qna,5,qna_L5_v2,6,2,85.48,89.88,90.79,82.12,91.88,93.55,93.23,92.41,90.41,88.39
qna,5,qna_L5_v3,6,3,86.65,92.19,93.78,92.03,90.95,90.97,92.19,80.39,85.86,84.29
qna,5,qna_L5_v1,7,1,78.71,79.73,82.27,81.65,89.71,84.22,85.91,76.05,74.22,75.4
qna,5,qna_L5_v2,7,2,60.44,71.65,73.89,79.19,80.06,80.46,83.19,78.49,76.82,65.99
qna,5,qna_L5_v3,7,3,80.54,80.86,70.85,88.37,92.54,87.83,85.24,78.23,88.07,67.68
qna,5,qna_L5_v1,8,1,71.5,91.65,90.45,90.51,79.19,72.07,74.9,78.08,84.9,70.8
qna,5,qna_L5_v2,8,2,77.76,85.53,78.4,89.84,88.46,86.53,86.12,79.16,70.34,76.09
qna,5,qna_L5_v3,8,3,71.69,70.59,68.93,83.75,88.41,80.25,81.97,72.08,81.17,73.27
qna,5,qna_L5_v1,9,1,66.3,71.57,73.9,77.13,75.69,77.69,63.79,74.68,69.07,65.13
qna,5,qna_L5_v2,9,2,67.35,78.2,77.58,74.99,78.95,75.48,75.74,73.89,67.98,69.08
qna,5,qna_L5_v3,9,3,56.81,49.06,52.17,52.98,47.98,53.07,57.49,61.9,69.59,62.53
qna,5,qna_L5_v1,10,1,61.11,53.35,59.2,57.65,48.56,56.18,57.96,64.78,57.47,50.74
qna,5,qna_L5_v2,10,2,78.57,94.38,94.61,86.74,85.16,86.11,86.65,83.57,79.6,88.42
qna,5,qna_L5_v3,10,3,80.57,88.2,92.12,86.66,90.2,88.38,90.6,87.19,85.96,76.01
reasoning,1,reasoning_L1_v1,1,1,99.52,84.69,85.08,91.86,89.84,90.21,96.94,82.78,90.21,81.98
reasoning,1,reasoning_L1_v2,1,2,95.55,94.78,87.54,90.59,84.82,93.72,93.92,82.9,88.9,79.6
reasoning,1,reasoning_L1_v3,1,3,97.97,95.5,90.6,92,82.2,86.65,84.73,86.05,87.55,80.51
reasoning,1,reasoning_L1_v1,2,1,95.28,94.29,92.63,91.44,87.47,95.71,95.17,91,86.23,89.97
reasoning,1,reasoning_L1_v2,2,2,90.21,95.19,90.88,86.89,94.73,94.44,95.4,84.03,83.93,85.9
reasoning,1,reasoning_L1_v3,2,3,90.74,91.54,94.96,83.87,90.95,93.71,94.08,83.32,87.65,83.92
reasoning,1,reasoning_L1_v1,3,1,97.55,93.08,93.68,92.82,94.03,94.94,95.05,90.61,87.97,92.7
reasoning,1,reasoning_L1_v2,3,2,100,93.54,97.27,90.95,94.07,93.27,100,94.12,86.83,100
reasoning,1,reasoning_L1_v3,3,3,100,95.18,97.59,94.03,94.99,89.22,100,95.74,81.49,100
reasoning,1,reasoning_L1_v1,4,1,99.85,93.87,95.71,92.11,93.15,93.3,97.78,85.91,83.42,81.1
reasoning,1,reasoning_L1_v2,4,2,86.51,90.81,91.49,89.94,88.96,90.29,91.45,81.7,73.21,80
reasoning,1,reasoning_L1_v3,4,3,99.22,92.7,94.88,91.13,86,92.1,89.24,83.13,82.55,88.01
reasoning,1,reasoning_L1_v1,5,1,98.14,91.98,93.98,93.47,95.96,93.89,98.42,85.33,87.84,86.28
reasoning,1,reasoning_L1_v2,5,2,96.29,94.51,95.11,92.61,96.04,94.19,97.74,85.58,89.97,84.36
reasoning,1,reasoning_L1_v3,5,3,94.54,93.57,96.55,93.67,90.57,95.07,95.93,87.41,90.38,84.39
reasoning,1,reasoning_L1_v1,6,1,100,95.39,93.52,92.89,92.97,93.09,100,82.78,88.49,100
reasoning,1,reasoning_L1_v2,6,2,88.75,95.05,92.02,92.86,94.14,95.94,99.3,85.76,86.66,91.32
reasoning,1,reasoning_L1_v3,6,3,87.49,91.86,95.42,93.45,93.2,92.19,95.3,89.49,88.51,89.68
reasoning,1,reasoning_L1_v1,7,1,96.06,95.6,95.77,94.8,94.11,95.8,95.68,83.52,88.03,80.83
reasoning,1,reasoning_L1_v2,7,2,97.67,92.69,91.5,96.22,94.58,95.07,98.09,83.84,85.14,80.89
reasoning,1,reasoning_L1_v3,7,3,100,95.52,94.74,96.33,95.99,94.45,100,88.2,88.93,100
reasoning,1,reasoning_L1_v1,8,1,96.83,92.77,89.34,88.25,92.43,93.94,96.19,88.94,89.99,92.85
reasoning,1,reasoning_L1_v2,8,2,96.58,90.56,93.29,91.89,93.13,94.42,95.48,91.07,89.93,93.68
reasoning,1,reasoning_L1_v3,8,3,95.48,94.21,92.29,91.65,91.84,90.86,88.18,86.79,91.37,83.61
reasoning,1,reasoning_L1_v1,9,1,96.77,90.34,82.97,84.78,87.87,83.77,81.02,92.9,88.06,83.91
reasoning,1,reasoning_L1_v2,9,2,98.66,94.1,94.45,95.71,95.65,95.61,94.54,87.12,90.06,90.94
reasoning,1,reasoning_L1_v3,9,3,98.76,90.55,91.55,91.11,90.86,94.53,89.76,84.21,89.89,91.37
reasoning,1,reasoning_L1_v1,10,1,100,97.05,87.62,95.06,94.84,90.51,100,88.18,92.76,100
reasoning,1,reasoning_L1_v2,10,2,94.85,93.59,85.82,94.5,90.36,88.59,94.85,87.68,80.8,86.58
reasoning,1,reasoning_L1_v3,10,3,97.58,96.31,89.99,95.59,89.44,93.18,95.16,91.11,88.03,92.83
reasoning,2,reasoning_L2_v1,1,1,94.54,90.57,87.58,90.51,83.86,90.02,98.47,84.64,88.64,80.44
reasoning,2,reasoning_L2_v2,1,2,93.63,83.73,87.16,87.39,94.49,94.68,89.67,88,88.57,79.67
reasoning,2,reasoning_L2_v3,1,3,97.09,89.57,86.25,88.24,93.85,90.19,89.79,88.09,87.44,74.28
reasoning,2,reasoning_L2_v1,2,1,89.97,89.22,92.23,94.92,88.01,96.77,96.05,88.29,81.32,89.44
reasoning,2,reasoning_L2_v2,2,2,95.4,91.42,95.59,91.7,97.21,94.64,92.9,83.83,84.35,82.07
reasoning,2,reasoning_L2_v3,2,3,92.5,88.24,92.56,92.15,93.31,95.4,95.71,85.9,90.12,90.73
reasoning,2,reasoning_L2_v1,3,1,96.46,93.85,96.13,92.15,91.83,91.89,93.81,86.27,81.28,91.65
reasoning,2,reasoning_L2_v2,3,2,95.27,93.44,91.45,91.35,93.26,90.89,94.01,84.12,84.08,93.11
reasoning,2,reasoning_L2_v3,3,3,95.36,92.95,93.18,92.23,94.6,91.52,93.85,89.66,86.13,94.73
reasoning,2,reasoning_L2_v1,4,1,97.77,90.21,96.34,94.63,88.85,89.42,89.95,88.18,82.63,83.64
reasoning,2,reasoning_L2_v2,4,2,91.32,90.2,90.68,92.91,89.33,87.32,90.3,87.48,83.81,79.01
reasoning,2,reasoning_L2_v3,4,3,95.98,94.68,93.49,93.84,88.69,89.37,85.58,88.28,84.51,83.29
reasoning,2,reasoning_L2_v1,5,1,91.7,92.02,95.38,91.42,94.27,93.2,95.35,85.83,90.2,87
reasoning,2,reasoning_L2_v2,5,2,94.97,94.21,93.99,91.29,95,94.9,93.9,89,83.42,86.49
reasoning,2,reasoning_L2_v3,5,3,98.41,95.54,94.4,91.54,91.5,93.01,92.21,84.36,88.05,83.87
reasoning,2,reasoning_L2_v1,6,1,91.7,94.47,94.17,94.62,95.47,93.37,93.49,80.54,86.97,81.52
reasoning,2,reasoning_L2_v2,6,2,87.8,96.31,96.66,95.43,93.56,93.34,95.52,81.67,86.02,87.85
reasoning,2,reasoning_L2_v3,6,3,86.15,95.84,91.72,93.18,93.89,93.02,93.5,80.99,87.94,90.85
reasoning,2,reasoning_L2_v1,7,1,95.91,97.2,96.4,95.9,92.93,94.44,94.93,84.67,85.06,80.34
reasoning,2,reasoning_L2_v2,7,2,97.68,97.58,97.13,96.76,92.57,91.87,94.81,91.27,84.79,81.91
reasoning,2,reasoning_L2_v3,7,3,95.49,97.97,97.24,96.62,89.49,93.25,91.68,86.62,86.44,80.12
reasoning,2,reasoning_L2_v1,8,1,98.27,95.23,96.02,93.65,92.05,93.56,96.26,82.58,90.85,87.82
reasoning,2,reasoning_L2_v2,8,2,98.36,93.66,94.75,89.68,96.21,92.57,93.57,89.82,91.6,82.78
reasoning,2,reasoning_L2_v3,8,3,97.71,93.37,94.69,95.4,94.41,94,87.33,88.45,90.12,80.96
reasoning,2,reasoning_L2_v1,9,1,99.44,85.39,87.91,90.46,94.96,93.29,91.28,87.35,91.03,91.19
reasoning,2,reasoning_L2_v2,9,2,92.35,86.16,91.02,88.98,90.2,92.72,88.31,85.55,85.63,86.77
reasoning,2,reasoning_L2_v3,9,3,94.33,91.05,89.69,90.08,93.78,93.16,92.67,91.4,91.78,82.93
reasoning,2,reasoning_L2_v1,10,1,98.25,89.75,91.6,89.64,94.51,92.45,96.29,88.08,85.12,92.68
reasoning,2,reasoning_L2_v2,10,2,96.62,94.26,89.34,95.33,90.22,92.92,95.07,68.6,84.57,86.69
reasoning,2,reasoning_L2_v3,10,3,92.47,90.83,81.62,91.4,92.48,91.63,95.86,93.26,88.36,83.9
reasoning,3,reasoning_L3_v1,1,1,92.65,86.81,88.81,84.44,91.92,87.65,90.03,86.44,84.77,78.72
reasoning,3,reasoning_L3_v2,1,2,95.64,89.4,88.37,91.59,94.81,80.79,92.24,84.12,77.57,84.58
reasoning,3,reasoning_L3_v3,1,3,93.08,88.43,89.83,87.86,83.56,89.39,82,84.52,86.16,80.45
reasoning,3,reasoning_L3_v1,2,1,89.64,93.05,91.46,87.88,93.01,95.03,93.1,84.08,86.94,83.95
reasoning,3,reasoning_L3_v2,2,2,98.63,93.08,94.43,91.81,92.4,94.03,95.06,90.2,86.13,91.48
reasoning,3,reasoning_L3_v3,2,3,85.81,94.02,90.14,86.64,92.4,91.6,89.97,81.42,79.58,85.6
reasoning,3,reasoning_L3_v1,3,1,88.71,94.76,92.31,91.65,93.64,92.31,96.88,90.24,85.12,90.13
reasoning,3,reasoning_L3_v2,3,2,82.42,95.54,96.42,95.06,92.5,90.5,93.2,91.73,86.92,91.26
reasoning,3,reasoning_L3_v3,3,3,95.4,96.76,94.38,95,94.6,95.08,94.9,88.47,83.93,91.09
reasoning,3,reasoning_L3_v1,4,1,79.62,91.44,89.98,89.09,89.96,89.01,86.35,87.27,87.53,79.22
reasoning,3,reasoning_L3_v2,4,2,89.86,91.64,95.59,93.58,88.11,93.98,95.61,83.02,84.63,82.78
reasoning,3,reasoning_L3_v3,4,3,91.84,91.15,92.22,90.61,93.71,87.94,93.1,79.57,85.52,81.68
reasoning,3,reasoning_L3_v1,5,1,88.96,88.63,95.98,92.74,96.75,93.34,96.48,85.84,91.44,84.39
reasoning,3,reasoning_L3_v2,5,2,91.43,94.16,95.88,90.2,95.65,94.02,95.76,82.17,88.6,81.4
reasoning,3,reasoning_L3_v3,5,3,97.22,93.65,95.59,91.19,95.2,93.62,94.01,84.77,87.24,84.35
reasoning,3,reasoning_L3_v1,6,1,64.13,91.45,93.2,91.88,93.11,87.16,95.07,82.21,86.93,86.96
reasoning,3,reasoning_L3_v2,6,2,89.43,96.68,93.42,93.48,94.57,94.05,95.79,82.1,90.33,88.35
reasoning,3,reasoning_L3_v3,6,3,79.23,92.64,91.44,93.81,90.87,88.57,85.11,81.91,87.61,88.7
reasoning,3,reasoning_L3_v1,7,1,91.49,95.87,95.18,95.59,94.29,92.67,97.23,82.59,88.54,74.04
reasoning,3,reasoning_L3_v2,7,2,94.54,94.59,95.46,96.13,93.19,93.86,95.32,81.93,87.3,84.37
reasoning,3,reasoning_L3_v3,7,3,97.94,97.39,96.65,97.67,91.61,93.55,95.23,84.58,90.73,86.23
reasoning,3,reasoning_L3_v1,8,1,92.69,92.75,91.17,91.59,91.96,92.03,93.07,80.57,78.49,83.65
reasoning,3,reasoning_L3_v2,8,2,91.38,92.44,95.91,89.89,94.75,92.02,96.04,89.2,90.89,87.85
reasoning,3,reasoning_L3_v3,8,3,88.79,91.8,90.56,88.24,91.08,92.77,95.21,86.03,85.9,82.28
reasoning,3,reasoning_L3_v1,9,1,79.88,85.03,88.51,89.42,92.56,91.36,87.03,79.58,82.66,75.63
reasoning,3,reasoning_L3_v2,9,2,91.87,88.72,88.26,86.93,93.94,87,87.97,76.96,76.2,71.31
reasoning,3,reasoning_L3_v3,9,3,92.62,92.93,92.33,91.98,91.71,85.73,94.98,80.64,78.35,84.6
reasoning,3,reasoning_L3_v1,10,1,79.73,90.98,88.58,92.59,89.55,91.38,96.16,89.5,88.53,85.69
reasoning,3,reasoning_L3_v2,10,2,89.41,89.38,93.47,93.4,83.33,90.98,90.34,89.96,88.95,85.79
reasoning,3,reasoning_L3_v3,10,3,92.53,90.82,90.34,94.32,88.46,87.37,90.73,78.44,83.37,77.43
reasoning,4,reasoning_L4_v1,1,1,80.94,85.62,89.71,91.23,93.01,88.67,93.2,86.72,86.78,78.01
reasoning,4,reasoning_L4_v2,1,2,85.56,86.06,87.5,85.84,82.32,90,87.99,87.78,84.81,81.34
reasoning,4,reasoning_L4_v3,1,3,86.62,87.31,91.75,90.61,86.97,88.03,88.68,87.32,91.13,81
reasoning,4,reasoning_L4_v1,2,1,89.22,93.56,85.47,87.69,93.15,92.73,93.21,84.73,87.26,88.81
reasoning,4,reasoning_L4_v2,2,2,77.06,92.92,90.36,89.66,94.46,94.66,90.79,86.91,80.92,90.08
reasoning,4,reasoning_L4_v3,2,3,88.01,91.58,88.02,89.29,93.25,95.53,93.53,87.63,83.15,88.3
reasoning,4,reasoning_L4_v1,3,1,84.65,91,92.23,89.57,92.8,91.86,94.08,85.88,88.67,89.71
reasoning,4,reasoning_L4_v2,3,2,85.93,92.18,92.07,92.02,89.5,89.27,91.85,90.72,78.83,87.84
reasoning,4,reasoning_L4_v3,3,3,91.51,93.27,94.81,93.6,93.88,92.63,93.9,92.73,87.04,90.64
reasoning,4,reasoning_L4_v1,4,1,86.22,89.76,89.19,88.3,92.88,88.46,94.54,84.82,79.88,80.32
reasoning,4,reasoning_L4_v2,4,2,90.42,92.7,87.01,88.7,91.28,91.91,86.81,83.07,82.43,79.6
reasoning,4,reasoning_L4_v3,4,3,86.27,91.09,95.38,92.58,83.89,90.76,84.87,86.07,84.98,79.43
reasoning,4,reasoning_L4_v1,5,1,89.47,92.23,94.67,92.14,95.58,94.01,94.25,83.72,75.73,75.63
reasoning,4,reasoning_L4_v2,5,2,92.64,90.06,97.34,91.75,94.43,94.66,98.16,85.36,85.26,89.79
reasoning,4,reasoning_L4_v3,5,3,75.72,92.21,94.03,89.78,89.49,93.31,93.36,86.48,88.9,82.04
reasoning,4,reasoning_L4_v1,6,1,82.88,93.59,94.02,93.09,91.29,87.34,89.38,77.04,87.76,90.19
reasoning,4,reasoning_L4_v2,6,2,77.71,97.25,95,93.6,92.91,92.14,88.45,83.66,82.13,88.74
reasoning,4,reasoning_L4_v3,6,3,86.79,97.11,94.34,94.64,92.86,94.16,93.26,78.08,88.27,85.54
reasoning,4,reasoning_L4_v1,7,1,94.63,97.38,94.81,95.48,94.03,94.53,94.57,82.98,86.97,83.22
reasoning,4,reasoning_L4_v2,7,2,90.6,93.61,92.29,96.59,89.39,95.37,93.61,85.97,91.41,82.1
reasoning,4,reasoning_L4_v3,7,3,96.38,95.39,98.13,97.2,92.85,96.29,93.65,83.23,88.44,84.47
reasoning,4,reasoning_L4_v1,8,1,78.53,92.08,88.05,85.26,92.41,89.63,89.12,84.72,81.47,83.08
reasoning,4,reasoning_L4_v2,8,2,90.04,95.14,93.81,88.79,96.32,88.96,92.43,83.02,85.38,87.43
reasoning,4,reasoning_L4_v3,8,3,69.23,82.78,87.61,77.24,78.91,70.56,80.86,75.87,76.63,75.03
reasoning,4,reasoning_L4_v1,9,1,85.38,83.32,85.39,95.18,86.67,92.34,91.7,91.37,88.19,68.82
reasoning,4,reasoning_L4_v2,9,2,85.47,86.97,90.68,89.91,91.52,88.78,90.37,78.23,75.51,78.28
reasoning,4,reasoning_L4_v3,9,3,94.65,88.79,85.38,87.35,95,93.15,93.74,90.83,87.04,80.98
reasoning,4,reasoning_L4_v1,10,1,90.17,94.29,90.75,93.82,90.42,90.68,93.67,87.18,89.81,85.9
reasoning,4,reasoning_L4_v2,10,2,84.82,84.26,92.63,88.25,92.26,89.01,92.93,89.6,81.02,88.91
reasoning,4,reasoning_L4_v3,10,3,86.27,93.24,85.61,88.95,84.71,87.78,90.25,87.77,87.18,86.47
reasoning,5,reasoning_L5_v1,1,1,79.57,78.19,85.4,82.17,77.85,77.39,81.93,86.08,86.41,78.1
reasoning,5,reasoning_L5_v2,1,2,72.74,59.93,76.47,70.01,84.72,78.47,81.73,73.73,76.75,66.78
reasoning,5,reasoning_L5_v3,1,3,80.74,73.64,73.94,82.06,79.11,83.18,80.33,88.75,85.89,82.79
reasoning,5,reasoning_L5_v1,2,1,86.83,95.74,89.24,85.52,91.99,95.14,94.02,85.88,86.02,86.51
reasoning,5,reasoning_L5_v2,2,2,83.23,92.83,91.1,88.83,87.08,92.31,89.38,85.81,82.19,84.03
reasoning,5,reasoning_L5_v3,2,3,79.07,90.5,90.13,85.43,87.45,89.7,84.67,83.12,79.48,84.48
reasoning,5,reasoning_L5_v1,3,1,86.28,90.37,89.85,90.47,91.32,87.57,93.52,90.57,79.02,84.91
reasoning,5,reasoning_L5_v2,3,2,64.79,88.25,82.69,86.78,88.94,82.18,84.13,86.44,80.35,79.94
reasoning,5,reasoning_L5_v3,3,3,72.98,84.15,82.21,86.8,87.52,82.34,83.54,83.76,83.33,83.7
reasoning,5,reasoning_L5_v1,4,1,65.38,78.29,79.75,81.31,77.3,74.48,69.24,73.2,70.98,74.29
reasoning,5,reasoning_L5_v2,4,2,48,52.33,68.05,67.05,77.32,70.26,75.65,60.89,58.63,57.58
reasoning,5,reasoning_L5_v3,4,3,92.67,86.69,88.48,83.57,90.12,87.79,86.51,80.52,79.48,77.88
reasoning,5,reasoning_L5_v1,5,1,81.78,86.41,73.16,82.98,86,86.38,85.71,84.96,85.2,79
reasoning,5,reasoning_L5_v2,5,2,84.11,86.21,83.97,78.81,91.94,87.95,91.69,78.36,87.22,79.13
reasoning,5,reasoning_L5_v3,5,3,88.26,89.99,87.71,84.85,91.12,90.41,89.33,88.53,88.05,78.46
reasoning,5,reasoning_L5_v1,6,1,75.49,92.97,89.37,90.55,88.95,88.89,91.35,78.75,83.6,85.66
reasoning,5,reasoning_L5_v2,6,2,81.94,88.26,82.91,84.84,82.72,85.08,88.4,75.77,86.18,85.89
reasoning,5,reasoning_L5_v3,6,3,77.58,92.25,89.32,91.08,93.82,86.69,92.63,78.33,84.12,86.2
reasoning,5,reasoning_L5_v1,7,1,90.83,90.01,94.07,90.55,85.28,88.1,85.76,83.63,87.25,85.26
reasoning,5,reasoning_L5_v2,7,2,89.89,85.66,90.09,87.36,90.31,93.3,91.28,87.33,86.77,83.87
reasoning,5,reasoning_L5_v3,7,3,75.14,82.95,89.41,83.75,90.02,93.31,90.43,86.1,87.45,80.62
reasoning,5,reasoning_L5_v1,8,1,77.61,82.42,82.75,81.91,84.56,86.93,89.13,77.95,81.53,80.12
reasoning,5,reasoning_L5_v2,8,2,53.36,78.85,81.78,75.18,71.12,75.65,77.3,76.04,75.63,75.6
reasoning,5,reasoning_L5_v3,8,3,72.65,80.12,83.19,77.05,82.99,89.47,83.83,79.68,82.03,82.6
reasoning,5,reasoning_L5_v1,9,1,81.31,84.65,77.51,73.06,84.4,81.93,75.79,86.78,81.47,79.17
reasoning,5,reasoning_L5_v2,9,2,90.24,82.77,83.15,84.43,83.79,80.27,80.26,90.78,84.39,79.32
reasoning,5,reasoning_L5_v3,9,3,90.35,84.27,82.28,82.51,79.82,78.04,79.24,84.51,84.95,84.01
reasoning,5,reasoning_L5_v1,10,1,52.1,67.03,70.01,70.49,82.12,69.25,70.72,70.7,75,64.15
reasoning,5,reasoning_L5_v2,10,2,81.24,74.35,79.15,83.13,90.58,87.4,90.68,79.48,81.38,76.45
reasoning,5,reasoning_L5_v3,10,3,79.64,89.97,87.18,87.81,92.47,87.45,91.77,86.76,78.46,80.12
logical,1,logical_L1_v1,1,1,100,98.38,87.93,86.51,96.74,96.86,100,89.06,84.26,100
logical,1,logical_L1_v2,1,2,98.59,87.78,87.28,91.13,96.66,97.83,98.25,84.67,86.42,71.79
logical,1,logical_L1_v3,1,3,98.85,93.04,94.56,94.83,96.25,95.07,96.87,83.66,79.16,77.66
logical,1,logical_L1_v1,2,1,91.38,95.42,84.74,96.07,91.31,89.84,95.26,83.5,80.64,87.51
logical,1,logical_L1_v2,2,2,98.2,95.04,88.74,90.65,94.27,90.46,96.27,85.55,83.64,83.73
logical,1,logical_L1_v3,2,3,92.5,89.08,76.75,91.19,91.07,88.01,93.55,90.26,77.11,80.47
logical,1,logical_L1_v1,3,1,97.72,87.09,99.78,93.93,89.41,87.87,82.49,81.71,83.68,82.85
logical,1,logical_L1_v2,3,2,98,87.67,91.41,95.01,87.71,84.93,92.32,84.86,84.28,92.05
logical,1,logical_L1_v3,3,3,99.02,82.05,99.42,90.22,91.13,76.75,87.92,85.16,88.51,88.71
logical,1,logical_L1_v1,4,1,89.85,89.57,94.94,88.09,91.74,94.46,89.65,71.71,85.09,85.68
logical,1,logical_L1_v2,4,2,96.1,94.68,89.92,88.56,92.71,88.67,93.56,81.86,87.85,79.21
logical,1,logical_L1_v3,4,3,91.1,85.82,91.94,79.97,92.72,87.75,90.39,86.96,77.3,80.15
logical,1,logical_L1_v1,5,1,98.76,91.09,98.65,93.08,88.82,98.23,98.86,86.91,81.8,89.44
logical,1,logical_L1_v2,5,2,99.04,93.29,96.94,97.61,92.11,93.27,98.19,86.48,83.58,83.85
logical,1,logical_L1_v3,5,3,100,91.24,97.99,99.41,87.03,98.69,100,90.65,88.18,100
logical,1,logical_L1_v1,6,1,99.41,95.99,94.41,88.65,94.39,92.01,93.28,87.21,87.65,84.76
logical,1,logical_L1_v2,6,2,94.25,95.4,93.79,91.35,95.03,93.05,93.55,84.08,84.5,83.64
logical,1,logical_L1_v3,6,3,95.41,92.72,96.77,93.4,94.35,92.95,93.83,91.46,85.26,93.54
logical,1,logical_L1_v1,7,1,98.46,94.53,93.91,96.09,91.12,94.13,94.91,92,89.93,88.08
logical,1,logical_L1_v2,7,2,95.35,91.29,94.5,89.52,95.53,91.15,97.13,94.91,86.44,88.25
logical,1,logical_L1_v3,7,3,97.62,90.13,94.79,92.15,92.89,96.22,92.34,91.92,89.03,86.39
logical,1,logical_L1_v1,8,1,100,100,95.24,97.93,92.08,95.73,100,86.46,87.57,100
logical,1,logical_L1_v2,8,2,97.62,92.85,94.32,89.88,73.31,95.75,95.65,85.86,85.93,90.82
logical,1,logical_L1_v3,8,3,97.73,92.96,95.62,94.68,84.19,94.65,96.95,74.79,86.23,88.28
logical,1,logical_L1_v1,9,1,100,90.76,89.23,90.62,91.47,95.66,100,88.98,84.82,100
logical,1,logical_L1_v2,9,2,95.72,82.61,89.94,89.16,91.55,91.32,95.14,89.18,88.45,87.69
logical,1,logical_L1_v3,9,3,98.24,93.57,91.09,86.69,94.8,96.31,95.42,86.2,79.46,84.68
logical,1,logical_L1_v1,10,1,97.55,94.93,96.38,91.89,94.82,96.95,97.39,80.59,84.84,95.32
logical,1,logical_L1_v2,10,2,85.56,88.65,96.34,92.21,94.47,95.05,94.44,85.85,86.69,88.35
logical,1,logical_L1_v3,10,3,100,93,97.19,91.87,94.54,95.28,100,87.7,82.48,100
logical,2,logical_L2_v1,1,1,94.85,87.5,90.35,88.12,95.42,95.45,98.07,64.57,81.33,82.04
logical,2,logical_L2_v2,1,2,96.91,89.28,91.51,88.14,92.35,94.28,93.46,88.21,83.94,79.63
logical,2,logical_L2_v3,1,3,95.6,87.3,89.29,90.32,93.8,88.93,95.49,78.53,86.03,81.05
logical,2,logical_L2_v1,2,1,90.5,85.32,82.76,87.25,85.47,84.39,89.83,84.65,78.53,74.64
logical,2,logical_L2_v2,2,2,91.83,93.16,86.11,93.03,93.96,92.11,93.15,76.14,81.64,74.98
logical,2,logical_L2_v3,2,3,97.24,95.58,94.84,95.31,86.9,91.38,91.52,88.63,83.77,73.26
logical,2,logical_L2_v1,3,1,96.01,83,87.13,89.52,89.45,83.74,90.11,81.06,87.24,83.91
logical,2,logical_L2_v2,3,2,95.82,89.74,84.03,83.64,93.51,85.43,85.76,81,87.35,84.22
logical,2,logical_L2_v3,3,3,88.01,84.24,84.73,89.79,84.11,81.81,88.67,82.77,76.46,83.98
logical,2,logical_L2_v1,4,1,90.83,66.04,79.37,91.38,93.91,90.79,94.6,78.68,83.38,84.78
logical,2,logical_L2_v2,4,2,93.31,76.61,97.37,99.56,90.44,90.13,93.76,82.69,86.74,82.89
logical,2,logical_L2_v3,4,3,96.52,76.93,88.77,97.54,90.6,92.49,89.26,84.19,85.97,83.75
logical,2,logical_L2_v1,5,1,91.64,95.13,98.39,99.31,89.57,95.62,93.38,86.82,83.5,86.72
logical,2,logical_L2_v2,5,2,93.36,92.13,94.54,94.54,91.93,96.42,98.34,86.41,80.25,83.66
logical,2,logical_L2_v3,5,3,97.57,90.44,100,99.12,88.1,95.83,94.03,87.61,85.43,85.03
logical,2,logical_L2_v1,6,1,98.42,95.36,96.55,95.5,94.86,92.45,93.85,92.32,84.35,87.3
logical,2,logical_L2_v2,6,2,94.22,91.7,96.17,92.57,94.46,91.78,91.21,83.63,82.32,89.42
logical,2,logical_L2_v3,6,3,89.17,92.23,94.02,91.06,95.25,91.71,94.2,91,85.69,86.26
logical,2,logical_L2_v1,7,1,92.78,95.34,95.01,92.52,93.8,90.02,93.78,93.03,89.44,86.81
logical,2,logical_L2_v2,7,2,92.5,90.62,94.73,92.27,95.9,96.72,95.93,89.82,90.47,86.62
logical,2,logical_L2_v3,7,3,98.1,89,91.02,93.72,97.29,95.72,97.58,88.1,92.77,85.28
logical,2,logical_L2_v1,8,1,98.88,88.72,84.23,81.18,89.54,95.92,95.52,79.32,85.75,85.04
logical,2,logical_L2_v2,8,2,99.8,94.61,92.41,78.82,87.07,89.89,93.54,84.12,84.69,85.92
logical,2,logical_L2_v3,8,3,98.23,87.13,90.83,78.32,88.25,92.44,91.38,82.42,90.47,86.54
logical,2,logical_L2_v1,9,1,97.24,88.73,92.41,90.71,90.64,87.77,89.33,84.95,85.58,84.35
logical,2,logical_L2_v2,9,2,93.89,88.9,88.83,88.23,92.5,88.4,86.32,87.14,84.36,84.64
logical,2,logical_L2_v3,9,3,92.14,92.67,92.46,84.15,94.45,90.9,86.17,88.89,84.32,84.84
logical,2,logical_L2_v1,10,1,99.58,94.96,94.81,93.19,94.84,96.19,95.01,90.59,83.12,94.1
logical,2,logical_L2_v2,10,2,97.19,94.95,96.25,92.73,95.4,95.8,97.25,91.78,85.19,95.99
logical,2,logical_L2_v3,10,3,92.94,95.04,94.32,94.71,93.61,91.54,95.73,87.48,87.17,92.59
logical,3,logical_L3_v1,1,1,95.35,87.81,87.41,90.33,90.23,89.22,92.71,84.92,86.65,83.16
logical,3,logical_L3_v2,1,2,96.86,88.4,88.02,89.24,94.7,88.47,93.3,81.64,81.07,80.28
logical,3,logical_L3_v3,1,3,95.57,86.64,88.92,85.25,83.94,81.18,86.87,86.78,83.96,80.73
logical,3,logical_L3_v1,2,1,88.03,88.52,83.23,92.49,89.94,91.94,89.25,82.23,82.19,69.64
logical,3,logical_L3_v2,2,2,91.27,96.14,84.89,96.97,93.72,88.07,96.15,85.59,75.68,76.31
logical,3,logical_L3_v3,2,3,92.54,92.06,88.44,92.59,93.27,90.67,90.51,83.13,82.21,74.34
logical,3,logical_L3_v1,3,1,91.37,88.06,96.71,94.17,91.35,84.39,90.87,84.28,87.55,88.44
logical,3,logical_L3_v2,3,2,83.09,74.92,75.96,74.53,90.87,74.73,83.02,75.99,64.64,76.92
logical,3,logical_L3_v3,3,3,82.97,87.83,85.84,81.42,88.3,82.77,88.56,82.82,83.44,77.45
logical,3,logical_L3_v1,4,1,91.03,73.58,96.05,96.81,88.93,89.87,90.43,82.68,85.43,79.97
logical,3,logical_L3_v2,4,2,97.1,76.47,96.89,88.07,92.91,94.35,88.75,78.66,86.76,88.01
logical,3,logical_L3_v3,4,3,96.91,77.36,99.48,99.29,93.09,89.74,93.7,79.91,81.47,81.85
logical,3,logical_L3_v1,5,1,76.5,87.41,87.72,89.51,82.66,93.08,93.9,82.58,71.33,78.41
logical,3,logical_L3_v2,5,2,82.84,80.89,80.21,84,75.97,74.59,72.32,76.86,73.14,77.98
logical,3,logical_L3_v3,5,3,82.4,91.04,91.69,91.91,88.68,91.64,86.01,76.79,73.69,77.84
logical,3,logical_L3_v1,6,1,93.97,89.4,95.43,95.29,93.59,93.51,93.61,86.98,85.05,88.09
logical,3,logical_L3_v2,6,2,91.47,82.37,89.41,93.27,90.94,89.95,91.42,83.57,74.87,77.51
logical,3,logical_L3_v3,6,3,89.11,86.96,88.81,94.44,95.62,91.72,94.31,79.03,87.29,84.91
logical,3,logical_L3_v1,7,1,86.52,90.26,95.35,94.79,90.65,89.3,86.17,90.79,89,77.02
logical,3,logical_L3_v2,7,2,92.42,91.15,89.96,88.56,89.54,88.72,88.54,82,90.12,77.63
logical,3,logical_L3_v3,7,3,86.95,91.88,90.96,92.19,86.8,85.39,85.61,89.86,88.85,81.54
logical,3,logical_L3_v1,8,1,81.24,86.39,76.24,80.05,85.56,91.42,82.69,77.72,81.59,78.48
logical,3,logical_L3_v2,8,2,92.49,82.47,78.03,78.84,87.68,83.39,84.61,84.25,80.17,79.94
logical,3,logical_L3_v3,8,3,95.46,85.33,81.22,80.62,88.86,93.07,95.42,79.98,88.37,80.83
logical,3,logical_L3_v1,9,1,89.09,90.83,92.41,83.47,87.95,88.03,88.53,85.84,87.86,88.83
logical,3,logical_L3_v2,9,2,96.91,91.21,90.07,93.16,90.79,93.07,89.66,86.67,88.92,85.24
logical,3,logical_L3_v3,9,3,55.6,80.88,80.04,80.52,85.24,81.94,86.89,82.61,79.45,81.84
logical,3,logical_L3_v1,10,1,91.87,96.05,95.71,92.16,93.24,93.17,94.23,85,84.35,89.16
logical,3,logical_L3_v2,10,2,88.23,89.95,90.82,92.39,93.81,95.67,92.63,86.82,85.08,86.48
logical,3,logical_L3_v3,10,3,82.2,90.7,91.34,89.48,91.76,93.41,93.27,82.58,73.34,85.31
logical,4,logical_L4_v1,1,1,85.49,89.02,92.14,90.86,92.94,90.9,93.85,78.29,77.33,72.1
logical,4,logical_L4_v2,1,2,92.08,87.12,90.55,86.45,91.3,94.26,92.49,83.84,85.83,77.24
logical,4,logical_L4_v3,1,3,87.76,82.64,85.95,87.23,87.73,87.81,88.52,87.73,81.33,78.54
logical,4,logical_L4_v1,2,1,75.52,89.52,79.25,90.5,92.17,84.62,90.8,86.56,82.08,81.06
logical,4,logical_L4_v2,2,2,79.28,88.82,85.44,91.71,91.03,89.87,91.06,83.42,79.8,72.61
logical,4,logical_L4_v3,2,3,91.24,92.08,85.5,94.61,95.94,92.17,95.38,73.8,81.95,77.3
logical,4,logical_L4_v1,3,1,91.77,85.54,86.09,86.78,88.1,80.42,83.04,84.21,87.09,79.37
logical,4,logical_L4_v2,3,2,83.37,80.09,85.23,86.18,85.64,81.21,88.15,80.17,85.2,85.38
logical,4,logical_L4_v3,3,3,82.8,80.59,86.83,86.58,84.96,81.55,89.42,77.96,83.31,86.06
logical,4,logical_L4_v1,4,1,81.06,86.81,80.11,87.54,90.25,89.2,87.04,83.07,81.62,81.38
logical,4,logical_L4_v2,4,2,86.03,85.53,88.06,87.55,79.75,88.12,88.44,76.97,74.13,73.73
logical,4,logical_L4_v3,4,3,76.61,80.3,81.16,80.51,88.1,90.46,92.14,72.94,84.68,81.81
logical,4,logical_L4_v1,5,1,78.64,87.73,90.68,89.32,90.2,93.95,96.74,88.47,76.94,76.57
logical,4,logical_L4_v2,5,2,85.55,88.84,91.4,90.08,86.33,92.31,93.56,82.72,77.22,78.94
logical,4,logical_L4_v3,5,3,81.97,79.66,78.5,78.85,78.47,86.22,83.81,84.87,77.68,80.58
logical,4,logical_L4_v1,6,1,88.66,92.72,94.71,93.33,93.94,93.7,95.02,82.47,84.84,88.39
logical,4,logical_L4_v2,6,2,92.73,91.74,94.53,92.76,94.08,89.92,84.51,80.55,83.79,84.87
logical,4,logical_L4_v3,6,3,89.73,88.69,91.71,92.25,94.18,92.22,93.08,88.22,85.67,84.83
logical,4,logical_L4_v1,7,1,82.11,84.76,89.23,80.47,89.09,81.45,87.01,85.68,86.38,88.35
logical,4,logical_L4_v2,7,2,87.55,89.79,94.35,91.84,86.77,85.69,90.15,90.89,91.76,82.6
logical,4,logical_L4_v3,7,3,88.88,93.42,91.15,93.8,94.31,94.06,96.3,89.1,90.8,87.39
logical,4,logical_L4_v1,8,1,83.45,93,89.06,91.77,91.77,95.16,95.7,88,87.32,82.21
logical,4,logical_L4_v2,8,2,84.4,85.46,76.24,84.23,87.16,91.56,90.12,80.01,84.65,77.94
logical,4,logical_L4_v3,8,3,86.51,88.55,86.18,79.46,88.74,90.69,88.19,75.31,78.5,83.07
logical,4,logical_L4_v1,9,1,72.46,90.09,92.16,89.71,90.2,89.21,90.01,87.84,86.58,81.21
logical,4,logical_L4_v2,9,2,80.63,88.88,92.16,86.61,93.45,90.29,90.47,86.12,87.16,86.99
logical,4,logical_L4_v3,9,3,88.45,88.65,91.03,85.37,88.28,85.62,89.63,89.18,84.56,85.02
logical,4,logical_L4_v1,10,1,77.5,90.01,88.55,88.14,91.46,91.83,92.29,78.09,79.52,82.46
logical,4,logical_L4_v2,10,2,77.29,89.39,88.9,89.94,92.55,91.69,93.46,80.52,78.61,87.64
logical,4,logical_L4_v3,10,3,86.25,92.14,91.46,93.35,93.63,91.35,92.71,88.19,84.49,88.92
logical,5,logical_L5_v1,1,1,82.58,82.08,83.51,87.01,87.31,85.08,82.53,81.09,74.72,82.27
logical,5,logical_L5_v2,1,2,83.49,85.43,87.19,88.53,87.1,85.89,87.45,80.65,80.28,76.09
logical,5,logical_L5_v3,1,3,83.71,80.89,85.52,85.87,86.9,88.03,87.17,83.79,81.71,74.53
logical,5,logical_L5_v1,2,1,73.79,86.89,82.07,89.41,83.04,86.4,78.09,79.23,73.82,75.5
logical,5,logical_L5_v2,2,2,76.58,82.09,76.45,83.98,83.13,67.75,86.49,85.47,81.72,81.3
logical,5,logical_L5_v3,2,3,77.72,81.33,78.54,84.05,87.62,90.07,85.8,77.21,80.16,71.84
logical,5,logical_L5_v1,3,1,67.39,80.38,66.31,75.18,66.77,76.75,79.5,84.03,80.92,78.69
logical,5,logical_L5_v2,3,2,83.21,73.62,70.49,77,77.55,67.88,79.44,77.09,82.4,83.17
logical,5,logical_L5_v3,3,3,79.91,77.13,78.21,77.98,73.67,70.97,82.14,81.01,78.67,77.03
logical,5,logical_L5_v1,4,1,86.39,64.52,71.91,73.28,79.41,84.16,80.23,72.51,69.58,72.89
logical,5,logical_L5_v2,4,2,76.46,68.3,83.46,82.23,74.12,82.27,80.46,74.25,70.71,68.07
logical,5,logical_L5_v3,4,3,75.66,74.85,64.48,61.15,78.29,77.76,65.35,68.27,72.96,71.7
logical,5,logical_L5_v1,5,1,83.33,83.24,86.97,82.96,76.53,87.3,89.3,79.83,71.98,77.94
logical,5,logical_L5_v2,5,2,84.91,87.36,91.3,89.26,81.29,92.2,86.18,81.54,79.16,73.33
logical,5,logical_L5_v3,5,3,84.86,85.52,91.3,90.42,80.15,88.99,85.73,79.45,74.73,78.73
logical,5,logical_L5_v1,6,1,69.61,83.13,86.28,83.78,84.61,87.87,80.06,87.61,76.81,86.04
logical,5,logical_L5_v2,6,2,79.13,83.87,86.4,88.5,84.38,84.4,84.98,86.95,84.11,79.52
logical,5,logical_L5_v3,6,3,82.83,85.24,87.17,85.97,79.6,77.23,81.85,90.33,79.3,84.83
logical,5,logical_L5_v1,7,1,79.13,85.05,86.7,87.54,78.1,78.51,73.21,82.83,82.22,71.3
logical,5,logical_L5_v2,7,2,72.1,85.02,87.81,87.26,75.47,80.35,79.4,84.52,83.44,74.49
logical,5,logical_L5_v3,7,3,81.33,86.2,88.65,84.32,79.21,78.46,78.49,90.73,82.59,81.89
logical,5,logical_L5_v1,8,1,79.09,76.19,79.45,79.97,75.01,74.3,66.93,68.44,77.98,73.34
logical,5,logical_L5_v2,8,2,82.5,79.96,80.94,69.12,85.78,83.9,81.94,75.1,85.28,75.17
logical,5,logical_L5_v3,8,3,71.86,61.94,71.63,65.59,87.89,69.67,63.76,62.61,59.75,67.68
logical,5,logical_L5_v1,9,1,64.47,84.48,77.61,84.43,71.33,72.64,69.93,80.88,77.86,82.93
logical,5,logical_L5_v2,9,2,74.88,80.98,79.77,82.97,74.7,75.78,77.31,72.75,77.11,78.25
logical,5,logical_L5_v3,9,3,71.61,92.11,86.7,84.65,86.48,82.79,85.34,79.86,83.53,82.82
logical,5,logical_L5_v1,10,1,69.72,79.46,87.6,87.03,86.84,86.11,88.59,72.32,81.42,80.4
logical,5,logical_L5_v2,10,2,75.81,91.8,89.93,93.13,92.94,90.5,93.73,85.94,80.23,84.06
logical,5,logical_L5_v3,10,3,69.85,88.34,90.96,90.63,90.19,89.51,86.02,84.86,78.22,83.51
classification,1,classification_L1_v1,1,1,100,94.97,91.39,95.01,96.27,95.72,100,88.58,88.31,100
classification,1,classification_L1_v2,1,2,100,86.74,94.14,94.15,96.54,94.94,100,90.03,84.2,100
classification,1,classification_L1_v3,1,3,96.66,94.13,87.92,86.67,93.18,96.2,97.39,91.48,88,86.61
classification,1,classification_L1_v1,2,1,98.91,96.09,92.38,97.16,95.36,93.33,96.75,89.99,84.77,86.18
classification,1,classification_L1_v2,2,2,91.27,89.15,73.25,80.08,89.46,88.53,89.16,86.03,79.52,78.14
classification,1,classification_L1_v3,2,3,100,93.81,89.84,94.01,91.61,95.73,100,86.92,87.18,100
classification,1,classification_L1_v1,3,1,94.58,94.39,95.99,94.16,95.19,95.46,94.44,84.25,71.14,76.29
classification,1,classification_L1_v2,3,2,100,95.73,98.33,91.64,97.75,94.39,100,88.67,82.38,100
classification,1,classification_L1_v3,3,3,100,97.27,97.94,98.5,97.74,96.32,100,89.93,83.24,100
classification,1,classification_L1_v1,4,1,100,98.41,92.42,97.96,93.54,96.97,100,91.85,93.5,100
classification,1,classification_L1_v2,4,2,92.6,97.72,91.54,94.75,97.56,96.76,98.58,87.27,89.6,87.24
classification,1,classification_L1_v3,4,3,100,99.29,91.1,95.12,95.72,97.29,100,88.84,85.48,100
classification,1,classification_L1_v1,5,1,86.68,93.24,91.45,92.76,92.24,91.5,95.25,82.85,85.66,90.7
classification,1,classification_L1_v2,5,2,99.07,88.11,94.59,86.44,93.42,91.82,97.04,88.5,87.81,91.39
classification,1,classification_L1_v3,5,3,95.22,93.29,93.97,87.32,91.7,88.13,93.97,81.6,81.76,95.04
classification,1,classification_L1_v1,6,1,95.34,94.27,94.26,98.09,94.64,92.15,95.27,76.78,89.24,87.41
classification,1,classification_L1_v2,6,2,100,97.25,95.56,92.98,93.23,92.37,100,92.36,91.06,100
classification,1,classification_L1_v3,6,3,99.5,94.7,98.04,98.06,94.31,92.67,97.62,83.44,88.51,92.89
classification,1,classification_L1_v1,7,1,100,93.07,93.86,94.07,94.03,92.31,100,83.22,83.87,100
classification,1,classification_L1_v2,7,2,100,93.2,94.99,93.16,88.56,89.5,100,80.39,91.09,100
classification,1,classification_L1_v3,7,3,100,92.45,91.89,94.16,93.09,91.39,100,87.15,90.86,100
classification,1,classification_L1_v1,8,1,100,96.28,90.3,91.21,93.48,96.77,100,90.02,86.81,100
classification,1,classification_L1_v2,8,2,100,93.34,88.75,91.6,87.44,96.41,100,83.85,85.58,100
classification,1,classification_L1_v3,8,3,92.22,98.78,86.84,94.97,94.03,90.14,90.49,90.4,86.1,82.55
classification,1,classification_L1_v1,9,1,96.27,85.45,93.42,84.83,87.96,93.3,95.44,78.22,76.35,83.71
classification,1,classification_L1_v2,9,2,95.83,85.4,89.29,98.97,84.85,91,95.89,84.74,87.24,84.53
classification,1,classification_L1_v3,9,3,95.34,85.23,86.82,87.88,88.35,93.12,93.36,89.18,86.77,89.34
classification,1,classification_L1_v1,10,1,93.17,94.1,96.64,93.88,95.65,88.74,84.99,85.85,85.6,86.36
classification,1,classification_L1_v2,10,2,100,99.07,97.57,85.05,95.62,93.7,100,85.57,80.14,100
classification,1,classification_L1_v3,10,3,93.18,98.3,94.36,84.38,89.55,90.05,84.35,88.52,84.56,88.99
classification,2,classification_L2_v1,1,1,82.11,84.52,91.09,77.86,93.24,94.1,95.19,82.56,85.89,85.6
classification,2,classification_L2_v2,1,2,98.78,94.53,93.89,91.31,96.23,93.42,92.41,85,85.59,88.31
classification,2,classification_L2_v3,1,3,94.42,96.47,94.91,95.21,90.63,89.93,91.6,91.07,89.76,90.19
classification,2,classification_L2_v1,2,1,98.63,93.87,77.41,90.76,93.77,93.23,95.12,82.19,89.81,87.24
classification,2,classification_L2_v2,2,2,89.9,85.65,81.47,85.41,92.5,87.66,86.69,84.8,81.85,81.76
classification,2,classification_L2_v3,2,3,98.99,95.03,92.56,96.16,94.11,94.69,93.75,84.06,83.72,88.37
classification,2,classification_L2_v1,3,1,97.7,93.76,96.53,84.02,95.14,96.52,94.83,88.05,77.81,88.41
classification,2,classification_L2_v2,3,2,97.11,91.68,86.31,98.98,95.65,95.56,95.11,86.01,82.65,85.09
classification,2,classification_L2_v3,3,3,96.03,89.98,92.28,92.79,96.1,97.24,96.96,84.13,85.57,88.13
classification,2,classification_L2_v1,4,1,98.5,96.66,95.91,96.28,95.64,94.39,90.12,85.8,89.33,90.34
classification,2,classification_L2_v2,4,2,87.3,90.9,97.03,97.19,97.28,95.34,97.24,89.98,84.04,80.25
classification,2,classification_L2_v3,4,3,95.91,87.64,91.34,92.01,97.66,88.59,92.19,91.9,90.89,89.57
classification,2,classification_L2_v1,5,1,96.23,92.09,87.05,89.66,91.91,96.8,93.16,73.33,85.07,88.77
classification,2,classification_L2_v2,5,2,80.19,87.92,85.62,83.38,92.6,93.89,88.51,76.67,75.12,77.08
classification,2,classification_L2_v3,5,3,98.77,86.72,99.47,90.67,94.07,94.99,94.97,83.79,85.02,90.98
classification,2,classification_L2_v1,6,1,98.88,93.71,94.18,96.36,92.19,92.71,95.07,86.37,87.56,85.8
classification,2,classification_L2_v2,6,2,96.93,91.83,93.52,92.88,96.06,95.9,93.62,90.51,89.8,89.02
classification,2,classification_L2_v3,6,3,100,97.15,93.94,95.15,94.69,92.94,97.47,89.77,88.98,87.31
classification,2,classification_L2_v1,7,1,97.33,93.01,95.22,91.22,94.22,91.69,92.26,86.03,91.05,84.87
classification,2,classification_L2_v2,7,2,100,92.14,97.21,92.51,95.42,91.03,92.26,85.61,89.14,90.48
classification,2,classification_L2_v3,7,3,97.31,91.54,95.69,92.55,93.69,90.92,92.26,86.05,94.69,85.02
classification,2,classification_L2_v1,8,1,90.9,95.6,94.41,94.18,90.43,88.72,90.76,88.1,85.48,77.93
classification,2,classification_L2_v2,8,2,81.96,93.92,93.33,94.15,94.59,89.73,86.75,86.06,91.67,79.44
classification,2,classification_L2_v3,8,3,98.13,93.95,93.07,94.73,89.88,93.5,91.49,84.31,86.93,75.58
classification,2,classification_L2_v1,9,1,98.75,91.83,91.81,89.12,85.55,93.53,92.87,81.14,86.83,85.55
classification,2,classification_L2_v2,9,2,90.36,94.12,93.6,84.76,85.81,94.8,92.55,87.02,79.74,89.54
classification,2,classification_L2_v3,9,3,92.26,84.14,84.36,81.23,86.91,94.56,93.57,88.44,79.79,85.01
classification,2,classification_L2_v1,10,1,97.7,91.38,92.67,85.73,90.02,93.46,82.24,81.77,84.86,89.77
classification,2,classification_L2_v2,10,2,100,98.08,90.05,88.56,94.51,93.43,91.19,88.67,81.45,92.2
classification,2,classification_L2_v3,10,3,86.08,90.2,91.17,86.8,88.53,91.84,85.56,79.84,79.35,88.3
classification,3,classification_L3_v1,1,1,94.04,86.17,92.84,94.43,91.07,95.05,95.36,79.78,86.81,87.46
classification,3,classification_L3_v2,1,2,80.89,92.09,96.06,92.59,95.5,93.52,95.05,90.15,86.18,80.9
classification,3,classification_L3_v3,1,3,87.75,96,85.56,92.68,92.07,87.49,93.62,85.51,88.81,81.45
classification,3,classification_L3_v1,2,1,94.65,85.86,81.4,83.4,85.07,82.58,80.68,87.05,86.32,79.53
classification,3,classification_L3_v2,2,2,91.54,90.28,82.85,86.77,88.35,89.28,90.74,87.94,83.92,78.89
classification,3,classification_L3_v3,2,3,98.69,98.79,92.56,97.51,95.4,93.92,93.67,84.95,87.32,91.62
classification,3,classification_L3_v1,3,1,100,96.46,97.36,98.5,96.13,94.62,100,91.69,84.08,80.84
classification,3,classification_L3_v2,3,2,91.82,96.61,96.53,96.1,94.62,87.02,94.46,83.31,83.58,90.18
classification,3,classification_L3_v3,3,3,91.75,95.46,93.93,86.48,93.3,91.13,87.37,85.31,79.25,82.13
classification,3,classification_L3_v1,4,1,93.62,87.59,92.9,93.12,97.55,95.78,98.12,89.81,93.52,85.59
classification,3,classification_L3_v2,4,2,83.82,90.18,92,90.92,79.75,84.28,82.72,91.53,90.05,90.5
classification,3,classification_L3_v3,4,3,80.41,85.24,90.66,88.45,84.85,93.09,84.48,83.47,80.98,75.61
classification,3,classification_L3_v1,5,1,98.77,86.72,93.98,89.02,92.1,96.4,94.97,77.82,87.91,90.98
classification,3,classification_L3_v2,5,2,92.55,93.68,90.22,97.66,93.47,93.38,95.35,80.07,83.49,93.73
classification,3,classification_L3_v3,5,3,93.38,91.59,90.58,91.16,90.34,94.11,89.7,85.36,86.3,88.94
classification,3,classification_L3_v1,6,1,92.6,85.44,85.98,85.99,93.44,90.75,95.76,87.84,88.54,87.39
classification,3,classification_L3_v2,6,2,92.02,91.82,94.51,93.14,92.94,90.8,93.08,85.05,87.27,87.16
classification,3,classification_L3_v3,6,3,78.66,87.29,91.89,89.34,88.01,88.39,93.05,81.62,84.75,82.51
classification,3,classification_L3_v1,7,1,90.91,94.21,95.57,91.85,89.66,89.01,91.25,86.59,90,82.87
classification,3,classification_L3_v2,7,2,91.74,93.43,92.96,91.38,96.59,87.12,90.14,82.52,89.45,78.78
classification,3,classification_L3_v3,7,3,93.27,95.12,94.8,91.04,90.73,92.01,88.12,85.87,86.02,84.84
classification,3,classification_L3_v1,8,1,85.69,91.19,89.65,93.36,91.15,90.09,84.45,83.87,80.24,78.82
classification,3,classification_L3_v2,8,2,91.45,88.51,93.63,91.98,93.15,93.88,90.43,82.51,92.29,87.69
classification,3,classification_L3_v3,8,3,95.27,98.95,94.05,92.99,95.81,97.74,85.16,85.23,83.81,84.57
classification,3,classification_L3_v1,9,1,96.24,93.55,92.62,86.4,85.61,93.87,94.53,90.04,76.71,84.97
classification,3,classification_L3_v2,9,2,98.75,87.86,93.98,86.83,83.98,93.36,92.87,90.28,88.54,85.55
classification,3,classification_L3_v3,9,3,84.64,83.29,79.83,89.16,91.64,90.7,88.95,85.87,69.01,84.82
classification,3,classification_L3_v1,10,1,95.59,87.43,91.16,85.29,90.32,89.8,89.98,83.45,82.3,80.28
classification,3,classification_L3_v2,10,2,98.83,96.04,96.21,87.38,92.77,90.35,82.76,87.68,85.12,91.04
classification,3,classification_L3_v3,10,3,100,97.86,94.45,85.61,88.73,94.11,91.19,88.39,83.82,92.2
classification,4,classification_L4_v1,1,1,94.56,91.46,94.33,94.26,89.97,94.27,89.99,87.33,85.95,85.47
classification,4,classification_L4_v2,1,2,90.04,85.74,86.24,85.35,95.44,94.82,94.26,84.82,81.39,88.97
classification,4,classification_L4_v3,1,3,92.22,90.5,90.35,90.88,90.66,94.15,93.42,91.4,88.45,85.52
classification,4,classification_L4_v1,2,1,78.78,72.82,74.14,77.42,87.54,80.25,81.67,85.35,74.35,67.47
classification,4,classification_L4_v2,2,2,90.28,84.81,85.62,90.33,93.31,90.72,88.04,81.19,77.58,74.21
classification,4,classification_L4_v3,2,3,80.85,90.84,93.02,94.7,88.51,87.87,88.91,83.91,75.62,76.57
classification,4,classification_L4_v1,3,1,87.16,83.8,85.1,89.4,92.94,95.06,88.85,75.09,64.55,82.92
classification,4,classification_L4_v2,3,2,97.19,87.18,89.54,97.29,95.64,91.61,92.65,83.67,78.37,86.29
classification,4,classification_L4_v3,3,3,89.26,86.25,86.39,80.39,92.47,94.95,92.52,85.95,76.88,81.09
classification,4,classification_L4_v1,4,1,90.48,95.8,93.54,92.51,97.74,94.34,95.83,90.67,89.07,88.5
classification,4,classification_L4_v2,4,2,95.38,89.68,91.74,98,97.38,97.27,99.94,87.26,92.74,90.26
classification,4,classification_L4_v3,4,3,75.51,85.74,84.44,88.58,82.99,86,87.45,91.66,89.25,88.02
classification,4,classification_L4_v1,5,1,94.32,91.38,80.4,84.66,94.04,93.81,94.46,81.38,81.66,87.92
classification,4,classification_L4_v2,5,2,89.08,89.57,89.41,86.47,87.98,91.72,94.76,78.33,86.21,85.56
classification,4,classification_L4_v3,5,3,87.81,90.38,89.78,80.79,91.47,95.45,93.28,72.46,82.21,80.27
classification,4,classification_L4_v1,6,1,90.29,92.61,95.82,95.3,88.74,90.12,77.49,63.82,90.56,89.64
classification,4,classification_L4_v2,6,2,76.97,83.77,85.11,83.83,83.3,84.01,86.69,76.88,83.22,85.86
classification,4,classification_L4_v3,6,3,89.31,95.39,92.03,93.5,93.66,89.18,94.57,90.47,91.58,87.37
classification,4,classification_L4_v1,7,1,91.99,92.43,94.52,91.3,89.06,89.76,88.44,79.37,86.6,82.62
classification,4,classification_L4_v2,7,2,93.96,89.38,90.66,92.53,94.14,93.96,91.02,86.46,86.26,87.15
classification,4,classification_L4_v3,7,3,87.58,91.83,93.27,91.21,87.03,89.18,84.29,83.54,88.18,81.89
classification,4,classification_L4_v1,8,1,75.88,89.49,87.99,88.36,86.78,82.89,84.96,85.63,79.81,76.5
classification,4,classification_L4_v2,8,2,68.78,78.3,83.83,82.48,79.85,75.76,76.72,84.54,78.83,77.47
classification,4,classification_L4_v3,8,3,86.8,86.1,86.57,89.08,88.92,92.54,87.09,72.92,81.17,80.83
classification,4,classification_L4_v1,9,1,83.06,95.17,91.38,86.61,84.44,91.35,92.93,86.18,81.68,82.39
classification,4,classification_L4_v2,9,2,87.89,88.55,92.57,83,84.96,90.6,85.44,84.87,75.31,78.82
classification,4,classification_L4_v3,9,3,96.42,92.17,93.85,89.45,81.63,92.21,93.9,89.48,79.13,84.97
classification,4,classification_L4_v1,10,1,72.44,90.96,92.22,87.19,84.09,76.44,79.48,82.95,82.53,75.72
classification,4,classification_L4_v2,10,2,91.7,87.29,93.86,86.92,89.62,85.98,88.06,82.12,72.98,76.29
classification,4,classification_L4_v3,10,3,82.26,94.15,89.36,89.58,85.31,78.1,75.4,77.68,77.38,84.51
classification,5,classification_L5_v1,1,1,83.07,79.94,81.47,75.45,83.02,78.35,81.72,77.28,83.17,78.9
classification,5,classification_L5_v2,1,2,82.32,79.89,85.57,82.92,89.63,83.63,89.54,66,82.91,74.56
classification,5,classification_L5_v3,1,3,75.98,62.56,64.35,61.22,71,68.47,69.81,64.14,64.98,69.14
classification,5,classification_L5_v1,2,1,80.59,71.68,77.96,77.54,85.66,80.58,86.92,88.72,76.12,70.49
classification,5,classification_L5_v2,2,2,77.49,77.18,82.92,81.68,85.58,82.13,85.28,82.16,83.49,73.14
classification,5,classification_L5_v3,2,3,61.85,88.59,78.46,74.77,79.13,76.74,77.33,61.64,66.19,67.8
classification,5,classification_L5_v1,3,1,83.62,75.44,87.44,78.56,87.53,89.68,88.41,82.94,73.66,76.42
classification,5,classification_L5_v2,3,2,78.8,88.17,89.86,89.36,84.22,77.1,76.68,67.7,57.4,66.14
classification,5,classification_L5_v3,3,3,71.47,81.17,86.6,80.75,88.47,82.42,89.55,75.41,72.15,82.81
classification,5,classification_L5_v1,4,1,72.61,74.89,67.9,78.41,61.02,74.49,79.09,84.4,66.95,78.35
classification,5,classification_L5_v2,4,2,71.28,67.81,69.08,74.19,81.17,78.06,77.21,81.82,79.34,60.17
classification,5,classification_L5_v3,4,3,64.28,61.13,50.66,54.69,76.94,76.36,82.26,73.7,77.86,71.72
classification,5,classification_L5_v1,5,1,90.03,81.55,77.4,78.26,77.38,82.73,84.34,76.98,76.67,86.58
classification,5,classification_L5_v2,5,2,80.49,82.67,84.52,82.46,75.89,85.46,78.26,73.17,74.97,81.33
classification,5,classification_L5_v3,5,3,85,72.82,80.12,81.21,80.29,86.05,86.17,79.4,77.94,83.1
classification,5,classification_L5_v1,6,1,81.89,78.49,78.45,80.32,80.88,75.81,83.27,72.55,68.12,78.39
classification,5,classification_L5_v2,6,2,87.07,82.83,85.36,82.96,85.85,84.64,85.26,88.56,82.69,86.52
classification,5,classification_L5_v3,6,3,59.67,79.47,80.64,77.12,86.14,83.44,82.99,83.75,81.78,78.49
classification,5,classification_L5_v1,7,1,81.93,84.01,91.8,89.88,88.03,84.19,80.69,84.3,81.49,76.93
classification,5,classification_L5_v2,7,2,86.57,84.87,88.03,87.91,87.18,84.18,84.88,81.62,85.58,79.77
classification,5,classification_L5_v3,7,3,78.39,85.79,88.05,84.76,85.24,87.41,88.58,69.41,87.02,73.46
classification,5,classification_L5_v1,8,1,84.3,66.59,70.57,70.48,77.36,66.62,71.33,79.13,81.47,72.33
classification,5,classification_L5_v2,8,2,84.92,78.39,81.16,75.32,78.43,79.42,75.87,79.74,75.03,74.38
classification,5,classification_L5_v3,8,3,82.78,79.07,77.17,90.64,80.46,79.92,77.85,75.12,80.02,64.24
classification,5,classification_L5_v1,9,1,80.22,82.87,75.82,75.58,80.22,81.16,78.99,83.44,78.79,78.22
classification,5,classification_L5_v2,9,2,76.41,71.39,78.83,72.41,84.5,74.26,69.93,77.67,76.85,74.55
classification,5,classification_L5_v3,9,3,83.2,82.7,82.65,78.72,79.35,75.35,75.2,85.94,85.18,83.75
classification,5,classification_L5_v1,10,1,66.15,83.97,82.14,78.32,88.63,80.21,74.91,81.13,78.68,74.35
classification,5,classification_L5_v2,10,2,90.44,82.63,72.28,77.55,83.7,76.99,73.77,80.73,68.42,71.58
classification,5,classification_L5_v3,10,3,79.75,78.66,79.27,70.87,79.29,73.79,76.03,82.94,86.19,72.54
